from,to,weight
0,43,5
0,44,10
0,10,10
0,6,5
0,16,10
0,3,10
0,2,10
1,31,10
1,47,5
1,20,5
1,57,10
1,27,5
1,4,5
2,94,10
14,2,10
2,4,5
2,6,5
16,2,10
2,7,10
2,3,10
10,2,10
2,8,10
3,61,10
3,43,5
3,32,5
3,6,10
14,3,10
10,3,10
4,6,10
4,9,10
10,4,10
13,4,10
4,5,10
12,4,10
4,8,10
4,7,10
5,7,5
5,6,5
5,9,10
12,5,10
6,12,5
26,6,10
6,7,10
48,7,10
21,7,10
12,7,10
13,7,10
7,8,10
8,95,10
8,6,5
8,13,5
8,12,5
8,9,10
8,5,5
84,9,10
88,9,10
47,9,10
39,9,10
19,9,10
34,9,10
36,9,10
9,95,10
9,16,5
28,9,10
9,22,5
13,9,10
12,9,10
10,9,10
9,6,5
9,7,5
10,88,10
10,43,5
10,52,5
10,95,10
10,94,10
10,28,10
10,7,5
10,6,5
10,26,10
10,5,5
10,16,10
10,12,5
11,93,10
11,15,5
11,92,10
11,90,10
11,46,10
11,38,5
11,68,10
11,70,10
11,100,5
11,37,5
11,73,10
11,72,10
11,59,10
11,40,5
11,32,5
11,57,10
11,47,10
104,11,10
11,7,5
11,17,10
11,21,10
12,13,10
13,6,5
13,10,5
13,16,5
13,5,5
14,8,5
14,4,5
14,7,5
15,43,10
15,32,10
15,30,10
16,95,10
16,4,5
16,8,5
16,3,5
17,18,10
17,43,5
102,17,10
17,32,5
17,21,10
18,41,10
18,60,10
18,54,10
18,52,5
18,43,10
102,18,10
18,32,10
19,93,5
19,20,5
19,39,10
19,88,10
19,36,10
19,52,5
19,92,10
19,104,5
19,57,5
19,98,10
19,42,10
19,90,5
19,6,5
19,47,5
19,12,5
19,100,5
19,8,5
19,7,5
19,4,5
19,11,5
19,34,10
19,17,5
19,21,5
20,90,5
20,97,10
20,57,5
104,20,10
20,47,10
20,100,5
20,32,5
20,27,10
21,32,5
21,8,5
23,60,5
23,58,5
23,52,5
23,43,10
26,8,5
26,47,10
26,97,10
26,17,5
26,3,5
27,42,10
27,36,10
27,85,10
27,100,5
27,97,10
27,57,10
27,60,5
27,28,5
27,10,5
27,47,10
27,5,5
27,24,5
27,7,5
27,13,5
27,4,5
27,12,5
28,61,5
28,6,5
28,3,5
28,43,5
28,4,5
28,95,10
28,22,5
28,8,5
28,7,5
28,12,5
28,16,5
28,13,5
29,4,5
29,7,5
30,72,10
30,83,5
30,71,10
30,70,5
30,52,5
30,102,5
30,44,10
30,17,5
30,18,5
30,43,10
30,32,10
31,15,5
31,28,5
32,58,10
32,54,10
32,83,10
32,71,10
32,46,10
32,70,10
32,59,10
32,45,10
32,41,10
32,52,5
32,43,10
102,32,10
33,86,10
33,90,5
33,92,10
33,48,10
33,57,10
33,68,10
33,59,10
33,72,10
33,46,5
33,15,5
33,47,10
33,37,5
104,33,10
34,93,5
34,85,10
103,34,10
34,36,10
34,92,10
34,100,5
34,90,5
34,97,10
34,60,5
34,46,5
34,98,10
34,47,10
34,57,10
34,39,10
34,12,5
34,7,5
34,8,5
34,4,5
104,34,10
34,11,5
34,21,5
34,17,5
36,10,5
36,93,10
36,92,10
36,39,5
104,36,10
36,90,10
36,100,5
36,47,10
36,43,5
36,37,5
36,57,10
36,13,5
36,6,5
36,12,5
37,93,10
37,89,10
37,73,10
37,47,10
38,48,10
38,100,5
38,57,10
38,33,5
38,73,5
38,72,10
38,59,10
38,37,5
38,47,10
38,46,5
38,32,5
104,38,10
39,17,5
39,6,5
39,57,10
39,92,10
39,10,5
39,15,5
39,21,5
41,66,10
41,87,10
41,60,10
41,54,10
41,58,10
41,50,10
41,45,10
41,46,10
41,51,10
41,52,5
41,44,10
41,43,10
42,37,5
42,93,5
42,90,5
42,31,5
42,39,5
42,73,5
42,60,5
42,72,5
42,59,5
42,40,5
42,100,5
42,104,5
42,56,10
42,20,5
42,57,5
42,97,10
42,47,10
42,32,5
43,54,10
43,80,10
43,83,10
43,79,10
43,82,10
43,65,10
43,78,10
43,66,10
43,58,10
43,61,10
43,51,10
43,52,5
43,49,10
43,46,10
43,50,10
43,45,10
43,44,10
102,43,10
44,6,5
44,89,5
44,71,10
44,66,10
44,54,10
44,15,5
44,51,10
44,90,5
44,83,5
44,64,10
44,77,10
44,79,10
44,81,10
44,60,10
44,78,10
44,45,5
44,18,5
44,58,10
44,59,10
44,49,10
44,61,10
44,32,5
44,52,5
44,46,10
45,53,10
45,66,10
45,54,10
45,82,10
45,60,10
45,79,10
45,78,10
45,74,10
45,61,10
45,49,10
45,58,10
45,51,10
45,50,10
45,46,10
45,30,5
45,52,5
45,102,5
46,87,10
46,86,10
46,77,10
46,79,10
46,82,10
46,80,10
46,78,5
46,73,10
46,74,10
46,49,5
46,72,10
46,17,5
46,63,10
46,15,5
46,18,5
46,60,10
46,70,10
46,58,10
46,68,10
46,59,10
46,47,10
46,66,10
46,30,5
46,62,10
46,54,10
46,61,10
46,94,5
46,48,10
46,21,5
46,52,5
46,51,10
46,50,10
46,3,5
104,46,10
46,6,5
47,93,10
47,86,10
47,90,10
47,89,10
47,73,10
47,59,10
47,99,5
47,72,10
47,70,10
47,68,10
47,32,5
47,10,5
47,28,5
47,60,10
47,24,5
47,57,10
47,12,5
47,16,5
47,6,5
47,43,5
47,7,5
47,13,5
47,4,5
47,8,5
47,97,10
47,40,5
47,48,10
47,101,5
47,95,5
47,96,5
47,5,5
100,47,10
104,47,10
48,90,5
48,93,5
48,24,5
48,86,5
48,73,5
48,62,5
48,72,10
48,59,10
48,70,5
48,68,5
48,43,5
48,4,5
48,100,5
48,32,5
48,57,10
48,40,5
48,11,5
48,37,5
104,48,10
49,53,10
49,51,10
49,91,5
49,82,10
49,61,10
49,52,5
50,53,10
50,61,10
50,79,10
50,60,10
50,63,10
50,65,5
50,66,10
50,58,10
50,54,10
50,52,5
50,51,10
50,102,5
50,44,5
50,32,5
51,60,10
51,53,10
51,58,10
51,32,5
51,52,5
103,52,10
52,71,10
52,91,5
52,87,10
52,82,10
52,83,10
52,77,10
52,81,10
52,80,10
52,79,10
52,78,10
52,76,10
52,74,10
52,59,10
52,62,10
52,65,10
52,66,10
53,79,5
53,63,10
53,76,10
53,46,5
53,58,10
53,66,10
53,61,10
53,41,5
53,44,5
53,52,5
53,40,5
53,60,10
53,64,10
53,43,5
54,66,5
54,91,10
54,87,5
54,83,5
54,82,10
54,78,5
54,58,10
54,61,10
54,60,10
54,51,5
54,52,5
55,104,5
55,46,5
55,95,5
55,22,5
55,12,5
55,5,5
55,4,5
56,73,5
56,26,5
56,40,5
56,72,5
56,59,5
56,15,5
56,104,5
56,95,5
56,34,5
56,101,5
56,24,5
56,68,5
56,8,5
56,27,5
56,32,5
56,60,5
56,46,5
56,20,5
56,4,5
56,57,5
56,97,10
56,100,5
56,47,5
57,71,5
57,46,5
57,92,10
57,68,10
57,102,5
57,90,10
57,37,5
57,86,10
57,14,5
57,99,10
57,60,10
57,26,5
57,59,10
57,73,10
57,72,10
57,70,10
57,31,5
57,17,5
57,95,5
57,96,5
57,22,5
57,5,5
57,12,5
57,6,5
57,7,5
57,8,5
57,4,5
57,40,5
100,57,10
104,57,10
58,63,10
58,74,10
58,65,5
58,61,10
58,49,5
58,66,10
58,60,10
58,52,5
59,86,5
59,14,5
59,92,10
59,93,10
59,90,10
59,89,10
59,73,10
59,72,10
59,70,10
102,59,10
59,68,10
59,37,5
59,62,5
59,100,5
59,43,5
59,30,5
104,59,10
60,93,10
60,90,10
60,64,10
60,81,5
60,83,5
60,79,10
60,52,5
60,82,10
60,68,5
60,32,5
60,80,10
60,63,10
60,66,5
60,65,5
60,49,5
60,78,10
60,74,10
60,61,10
60,67,10
60,62,10
60,43,5
61,62,5
61,66,5
61,64,10
61,82,5
61,77,10
61,52,5
61,6,5
61,32,5
61,74,10
61,41,5
61,65,10
61,51,5
62,74,10
62,7,5
62,43,5
63,61,5
63,37,5
63,59,5
63,32,5
63,77,10
63,54,5
63,65,5
63,51,5
63,45,5
63,44,5
63,41,5
63,66,10
63,43,5
63,52,5
64,50,5
64,51,5
64,41,5
64,43,5
65,41,5
65,51,5
66,49,5
66,51,5
66,32,5
67,43,5
68,89,10
68,90,10
68,93,10
68,92,10
68,73,10
68,72,10
68,70,10
68,62,5
68,100,5
104,68,10
70,83,5
70,73,10
70,72,10
70,43,5
70,38,5
70,102,5
70,40,5
70,100,5
104,70,10
70,44,5
71,83,5
71,43,5
72,86,10
72,32,5
72,24,5
72,100,5
72,40,5
72,73,10
72,37,5
104,72,10
73,90,10
73,86,10
73,32,5
73,14,5
73,40,5
104,73,10
74,63,5
74,66,5
74,50,5
74,44,5
74,53,5
74,49,5
74,65,5
74,41,5
74,51,5
74,32,5
74,43,5
76,18,5
76,54,5
76,61,5
76,51,5
76,66,5
76,50,5
76,49,5
76,44,5
76,45,5
76,79,10
76,77,5
76,43,5
76,32,5
76,41,5
76,46,5
76,60,5
76,58,5
76,65,5
76,63,5
76,30,5
76,83,5
77,58,5
77,32,5
77,3,5
77,60,5
77,54,5
77,41,5
77,49,5
77,43,5
77,6,5
78,81,5
78,80,10
78,61,5
78,51,5
78,41,5
78,32,5
79,83,5
79,32,5
79,51,5
79,41,5
80,44,5
80,45,5
80,51,5
80,91,10
80,50,5
80,87,5
80,82,10
80,81,10
80,32,5
80,41,5
81,45,5
81,43,5
81,41,5
81,32,5
81,40,5
81,82,10
82,18,5
82,87,10
82,77,5
82,83,5
82,102,5
82,51,5
82,65,5
82,79,5
82,63,5
82,50,5
82,78,5
82,58,5
82,44,5
82,32,5
82,41,5
83,15,5
102,83,10
83,17,5
83,23,5
84,54,5
84,6,5
84,7,5
84,4,5
85,19,5
85,93,5
85,73,5
85,90,5
85,104,5
85,96,5
85,86,5
85,21,5
85,95,5
85,60,5
85,72,5
85,40,5
85,57,5
85,100,5
85,47,5
85,4,5
85,13,5
103,85,10
85,12,5
85,17,5
86,38,5
86,104,5
87,32,5
87,79,5
87,83,5
87,60,5
87,45,5
87,43,5
88,95,5
88,60,5
88,92,10
88,75,5
103,88,10
88,8,5
88,12,5
88,6,5
88,0,5
88,94,10
89,11,5
89,24,5
89,32,5
89,42,5
89,46,5
89,93,10
89,92,10
89,90,10
89,40,5
89,100,5
104,89,10
89,57,5
89,33,5
89,70,5
89,38,5
89,72,5
89,86,5
89,73,5
90,93,10
90,32,5
90,86,5
90,100,5
104,90,10
90,40,5
90,70,5
90,72,5
91,87,5
91,82,5
92,15,5
92,93,10
92,28,5
92,40,5
92,54,5
92,73,5
92,9,5
103,92,10
92,24,5
92,38,5
92,4,5
92,70,5
92,14,5
92,7,5
92,8,5
92,86,5
92,100,5
92,32,5
92,44,5
92,10,5
92,94,5
92,62,5
92,104,5
92,46,5
92,27,5
92,13,5
92,29,5
92,101,5
92,47,5
92,90,5
92,96,5
92,22,5
92,95,5
92,60,5
92,5,5
92,12,5
92,6,5
92,43,5
93,73,5
93,46,5
93,33,5
93,100,5
93,104,5
93,57,5
93,40,5
94,95,10
94,14,5
94,26,5
94,0,5
94,6,5
94,4,5
94,8,5
94,3,5
94,7,5
95,96,10
95,20,5
95,98,10
95,21,5
95,3,5
95,13,5
95,6,5
95,2,5
95,12,5
95,5,5
95,26,5
95,7,5
95,4,5
95,0,5
96,16,5
96,8,5
96,12,5
97,59,5
97,72,5
97,46,5
97,11,5
97,57,5
97,6,5
97,17,5
97,40,5
104,97,10
97,15,5
97,100,5
97,37,5
97,32,5
98,0,5
98,3,5
98,13,5
98,27,5
98,29,5
98,7,5
98,5,5
98,12,5
98,4,5
98,8,5
98,6,5
98,10,5
98,26,5
99,37,5
99,40,5
102,99,10
99,23,5
99,32,5
100,40,5
100,24,5
102,52,5
102,15,5
103,100,5
103,29,5
103,13,5
103,39,5
103,75,5
103,10,5
103,96,5
103,6,5
103,7,5
103,60,5
103,47,5
103,4,5
103,8,5
103,12,5
103,5,5
103,95,5
104,62,5
104,43,5
104,40,5
104,0,5
104,102,5
104,37,5
104,32,5
104,26,5
104,6,5
104,7,5
104,24,5
104,17,5
104,3,5
104,21,5
104,94,5
104,14,5
104,2,5
104,100,5
0,52,1
3,52,1
36,84,1
18,36,1
15,21,1
18,28,1
18,88,1
28,88,1
1,52,1
1,6,1
1,28,1
1,43,1
1,82,1
1,94,1
43,6,1
6,82,1
28,82,1
28,94,1
43,94,1
82,94,1
15,18,1
15,84,1
15,94,1
18,84,1
18,94,1
43,84,1
84,94,1
15,9,1
43,9,1
15,28,1
15,95,1
43,95,1
15,6,1
21,6,1
52,6,1
21,9,1
52,9,1
103,9,1
12,15,1
12,21,1
12,52,1
12,84,1
15,52,1
103,15,1
21,52,1
21,84,1
103,21,1
52,84,1
103,84,1
18,6,1
29,52,1
45,6,1
18,21,1
21,43,1
21,76,1
10,15,1
10,29,1
15,29,1
29,43,1
26,43,1
29,6,1
1,32,1
0,7,1
0,15,1
0,18,1
0,19,1
0,21,1
0,26,1
0,28,1
0,29,1
0,32,1
0,36,1
0,39,1
0,55,1
0,66,1
0,76,1
0,84,1
0,89,1
0,92,1
0,97,1
15,2,1
18,2,1
19,2,1
2,21,1
2,26,1
2,28,1
2,29,1
2,32,1
2,36,1
2,39,1
2,43,1
2,55,1
2,66,1
2,76,1
2,84,1
2,89,1
2,92,1
2,97,1
32,6,1
55,6,1
6,66,1
6,76,1
6,89,1
15,7,1
18,7,1
26,7,1
32,7,1
36,7,1
39,7,1
43,7,1
55,7,1
66,7,1
7,76,1
7,89,1
7,97,1
10,18,1
10,19,1
10,21,1
10,32,1
10,55,1
10,66,1
10,76,1
10,84,1
10,89,1
10,97,1
15,19,1
15,26,1
15,36,1
15,55,1
15,66,1
15,76,1
15,89,1
18,19,1
18,26,1
18,29,1
18,39,1
18,55,1
18,66,1
18,89,1
18,92,1
18,95,1
18,97,1
19,26,1
19,28,1
19,29,1
19,32,1
19,43,1
19,55,1
19,66,1
19,76,1
19,84,1
19,89,1
19,94,1
19,95,1
19,97,1
21,26,1
21,28,1
21,29,1
21,36,1
21,55,1
21,66,1
21,89,1
21,92,1
21,94,1
21,97,1
26,28,1
26,29,1
26,32,1
26,36,1
26,39,1
26,55,1
26,66,1
26,76,1
26,84,1
26,89,1
26,92,1
28,29,1
28,32,1
28,36,1
28,39,1
28,55,1
28,66,1
28,76,1
28,84,1
28,89,1
28,97,1
29,32,1
29,36,1
29,39,1
29,55,1
29,66,1
29,76,1
29,84,1
29,89,1
29,94,1
29,95,1
29,97,1
32,36,1
32,39,1
32,55,1
32,84,1
32,94,1
32,95,1
36,55,1
36,66,1
36,76,1
36,89,1
36,94,1
36,95,1
36,97,1
39,43,1
39,55,1
39,66,1
39,76,1
39,84,1
39,89,1
39,94,1
39,95,1
39,97,1
43,55,1
43,89,1
43,97,1
55,66,1
55,76,1
55,84,1
55,89,1
55,92,1
55,94,1
55,97,1
66,84,1
66,89,1
66,92,1
66,94,1
66,95,1
66,97,1
76,84,1
76,89,1
76,92,1
76,94,1
76,95,1
76,97,1
84,89,1
84,92,1
84,95,1
84,97,1
89,94,1
89,95,1
89,97,1
92,97,1
94,97,1
95,97,1
1,15,1
1,58,1
15,58,1
31,58,1
26,30,1
26,52,1
30,55,1
52,55,1
18,45,1
18,50,1
18,58,1
18,61,1
102,41,1
102,46,1
102,54,1
102,58,1
102,60,1
102,61,1
23,41,1
31,52,1
36,52,1
36,88,1
52,88,1
2,9,1
2,20,1
2,44,1
2,46,1
2,52,1
2,57,1
2,58,1
3,7,1
3,9,1
15,3,1
20,3,1
21,3,1
29,3,1
3,36,1
3,39,1
3,44,1
3,55,1
3,57,1
3,58,1
3,66,1
3,76,1
3,84,1
3,92,1
3,97,1
20,6,1
58,6,1
20,7,1
44,7,1
46,7,1
52,7,1
58,7,1
20,9,1
26,9,1
29,9,1
44,9,1
46,9,1
55,9,1
57,9,1
58,9,1
66,9,1
76,9,1
9,94,1
9,97,1
10,20,1
10,44,1
10,46,1
10,57,1
10,58,1
15,20,1
15,57,1
20,21,1
20,26,1
20,28,1
20,29,1
20,36,1
20,39,1
20,43,1
20,44,1
20,46,1
20,52,1
20,55,1
20,58,1
20,66,1
20,76,1
20,84,1
20,92,1
20,94,1
21,44,1
21,57,1
21,58,1
26,44,1
26,46,1
26,58,1
28,44,1
28,46,1
28,52,1
28,57,1
28,58,1
29,44,1
29,46,1
29,57,1
29,58,1
36,44,1
36,46,1
36,58,1
39,44,1
39,46,1
39,52,1
39,58,1
43,57,1
44,55,1
44,57,1
44,84,1
44,94,1
44,95,1
44,97,1
46,84,1
46,95,1
52,57,1
52,92,1
52,94,1
52,95,1
52,97,1
55,57,1
55,58,1
57,58,1
57,66,1
57,76,1
57,84,1
57,94,1
58,84,1
58,92,1
58,94,1
58,95,1
58,97,1
2,30,1
2,34,1
2,42,1
2,51,1
2,78,1
102,2,1
3,8,1
19,3,1
3,30,1
3,34,1
3,42,1
3,51,1
3,78,1
3,89,1
102,3,1
16,6,1
30,6,1
34,6,1
42,6,1
51,6,1
6,78,1
102,6,1
16,7,1
30,7,1
42,7,1
51,7,1
7,78,1
102,7,1
10,8,1
15,8,1
20,8,1
29,8,1
30,8,1
32,8,1
36,8,1
39,8,1
42,8,1
43,8,1
44,8,1
46,8,1
51,8,1
55,8,1
58,8,1
76,8,1
78,8,1
8,84,1
8,89,1
8,97,1
102,8,1
30,9,1
32,9,1
42,9,1
51,9,1
78,9,1
89,9,1
102,9,1
10,30,1
10,34,1
10,42,1
10,51,1
10,78,1
10,102,1
15,16,1
15,34,1
15,42,1
15,51,1
15,78,1
16,19,1
16,20,1
16,21,1
16,26,1
16,29,1
16,30,1
16,32,1
16,34,1
16,36,1
16,39,1
16,42,1
16,43,1
16,44,1
16,46,1
16,51,1
16,55,1
16,58,1
16,76,1
16,78,1
16,84,1
16,89,1
16,92,1
16,94,1
16,97,1
102,16,1
19,30,1
19,44,1
19,46,1
19,51,1
19,58,1
19,78,1
102,19,1
20,30,1
20,34,1
20,51,1
20,78,1
20,89,1
102,20,1
21,30,1
21,42,1
21,51,1
21,78,1
102,21,1
26,34,1
26,42,1
26,51,1
26,78,1
102,26,1
28,30,1
28,34,1
28,42,1
28,51,1
28,78,1
102,28,1
29,30,1
29,34,1
29,42,1
29,51,1
29,78,1
102,29,1
30,34,1
30,36,1
30,39,1
30,42,1
30,51,1
30,58,1
30,78,1
30,84,1
30,89,1
30,92,1
30,94,1
30,95,1
30,97,1
32,34,1
34,42,1
34,43,1
34,44,1
34,51,1
34,55,1
34,58,1
34,76,1
34,78,1
34,84,1
34,89,1
34,94,1
34,95,1
102,34,1
36,42,1
36,51,1
36,78,1
102,36,1
39,51,1
39,78,1
102,39,1
42,43,1
42,44,1
42,46,1
42,51,1
42,55,1
42,58,1
42,76,1
42,78,1
42,84,1
42,92,1
42,94,1
42,95,1
102,42,1
102,44,1
51,55,1
51,84,1
51,89,1
51,92,1
51,94,1
51,95,1
51,97,1
102,51,1
55,78,1
102,55,1
58,78,1
58,89,1
76,78,1
102,76,1
78,84,1
78,89,1
78,92,1
78,94,1
78,95,1
78,97,1
102,78,1
102,84,1
102,89,1
102,92,1
102,94,1
102,95,1
102,97,1
10,31,1
1,97,1
23,26,1
10,17,1
10,68,1
10,77,1
15,17,1
15,68,1
15,77,1
17,44,1
17,68,1
17,77,1
26,68,1
26,77,1
30,68,1
30,77,1
32,68,1
44,68,1
68,77,1
17,2,1
2,23,1
2,45,1
2,50,1
2,54,1
2,65,1
2,74,1
2,77,1
2,80,1
2,81,1
2,83,1
17,6,1
23,6,1
50,6,1
54,6,1
6,65,1
6,74,1
6,80,1
6,81,1
6,83,1
10,23,1
10,45,1
10,50,1
10,54,1
10,65,1
10,74,1
10,80,1
10,81,1
10,83,1
10,104,1
17,23,1
17,45,1
17,50,1
17,51,1
17,54,1
17,55,1
17,58,1
17,65,1
17,74,1
17,76,1
17,80,1
17,81,1
17,92,1
17,94,1
17,95,1
18,23,1
18,51,1
18,65,1
18,74,1
18,77,1
18,80,1
18,81,1
18,83,1
104,18,1
23,32,1
23,45,1
23,46,1
23,50,1
23,51,1
23,54,1
23,55,1
23,65,1
23,74,1
23,76,1
23,77,1
23,80,1
23,81,1
23,92,1
23,94,1
23,95,1
102,23,1
104,23,1
26,45,1
26,50,1
26,54,1
26,65,1
26,74,1
26,80,1
26,81,1
26,83,1
32,65,1
45,55,1
45,65,1
45,77,1
45,83,1
45,92,1
45,94,1
45,95,1
104,45,1
46,65,1
46,81,1
46,83,1
50,55,1
50,77,1
50,81,1
50,83,1
50,92,1
50,94,1
50,95,1
104,50,1
51,77,1
51,81,1
51,83,1
104,51,1
54,55,1
54,65,1
54,74,1
54,80,1
54,81,1
54,94,1
54,95,1
104,54,1
55,65,1
55,74,1
55,77,1
55,80,1
55,81,1
55,83,1
58,80,1
58,81,1
58,83,1
104,58,1
65,77,1
65,80,1
65,81,1
65,83,1
65,92,1
65,94,1
65,95,1
102,65,1
104,65,1
74,76,1
74,77,1
74,80,1
74,81,1
74,83,1
74,92,1
74,94,1
74,95,1
102,74,1
104,74,1
76,80,1
76,81,1
104,76,1
77,80,1
77,81,1
77,83,1
77,92,1
77,94,1
77,95,1
102,77,1
104,77,1
80,83,1
80,92,1
80,94,1
80,95,1
102,80,1
104,80,1
81,83,1
81,92,1
81,94,1
81,95,1
102,81,1
104,81,1
83,92,1
83,94,1
83,95,1
104,83,1
104,95,1
103,26,1
103,55,1
15,71,1
103,32,1
36,71,1
103,36,1
46,71,1
103,46,1
71,76,1
103,71,1
103,76,1
0,1,1
0,17,1
0,20,1
0,30,1
0,31,1
1,3,1
1,10,1
1,17,1
1,21,1
1,29,1
1,30,1
1,36,1
1,39,1
1,88,1
17,3,1
3,31,1
3,88,1
31,6,1
15,88,1
17,20,1
17,29,1
17,31,1
17,36,1
17,88,1
20,31,1
20,88,1
21,31,1
21,88,1
29,31,1
29,88,1
30,31,1
30,88,1
31,32,1
31,36,1
31,39,1
31,88,1
32,88,1
39,88,1
26,31,1
17,41,1
0,102,1
1,9,1
1,19,1
1,26,1
1,34,1
1,103,1
1,104,1
27,3,1
103,3,1
27,6,1
27,9,1
104,9,1
15,27,1
104,15,1
19,27,1
103,19,1
26,27,1
27,29,1
27,30,1
27,34,1
103,27,1
104,27,1
103,28,1
104,28,1
104,29,1
103,30,1
104,30,1
103,97,1
103,104,1
1,16,1
16,17,1
10,14,1
14,15,1
14,30,1
14,32,1
14,52,1
17,52,1
13,3,1
13,26,1
21,41,1
28,41,1
30,41,1
11,39,1
104,39,1
0,9,1
1,7,1
1,44,1
7,88,1
26,88,1
44,88,1
104,44,1
104,88,1
44,98,1
2,82,1
10,82,1
41,92,1
13,2,1
2,47,1
2,85,1
6,85,1
7,85,1
85,9,1
10,85,1
13,15,1
13,30,1
13,39,1
13,42,1
13,43,1
13,55,1
13,57,1
13,66,1
13,84,1
13,94,1
13,97,1
15,47,1
15,85,1
26,85,1
28,85,1
30,47,1
30,57,1
30,66,1
30,85,1
39,47,1
39,85,1
42,66,1
42,85,1
43,85,1
47,55,1
47,66,1
47,84,1
47,94,1
55,85,1
66,85,1
84,85,1
85,92,1
85,94,1
85,97,1
31,43,1
48,76,1
0,12,1
0,46,1
0,57,1
0,61,1
0,63,1
0,77,1
0,103,1
12,2,1
2,61,1
2,63,1
2,88,1
2,98,1
103,2,1
12,3,1
18,3,1
3,63,1
6,63,1
61,7,1
63,7,1
7,77,1
18,9,1
61,9,1
63,9,1
77,9,1
9,98,1
10,61,1
10,63,1
12,16,1
12,18,1
12,26,1
12,43,1
12,44,1
12,46,1
12,61,1
12,63,1
12,76,1
12,77,1
12,94,1
15,61,1
15,63,1
15,98,1
16,18,1
16,57,1
16,61,1
16,63,1
16,77,1
16,88,1
16,98,1
103,16,1
18,57,1
18,63,1
18,98,1
103,18,1
26,61,1
26,63,1
28,63,1
28,77,1
28,98,1
43,88,1
43,98,1
103,43,1
103,44,1
46,88,1
46,98,1
57,61,1
57,63,1
57,77,1
57,88,1
57,98,1
103,57,1
61,84,1
61,88,1
61,92,1
61,94,1
61,95,1
61,98,1
103,61,1
63,84,1
63,88,1
63,92,1
63,94,1
63,95,1
63,98,1
103,63,1
76,88,1
76,98,1
77,84,1
77,88,1
77,98,1
103,77,1
84,88,1
84,98,1
88,98,1
92,98,1
94,98,1
103,94,1
103,98,1
12,45,1
3,85,1
32,85,1
34,52,1
44,85,1
52,85,1
21,33,1
21,82,1
33,52,1
33,82,1
2,31,1
18,31,1
18,34,1
21,45,1
21,54,1
21,83,1
31,34,1
31,45,1
31,46,1
31,54,1
31,76,1
31,83,1
31,92,1
31,95,1
102,31,1
34,45,1
34,54,1
34,83,1
103,17,1
19,77,1
21,77,1
34,77,1
39,77,1
15,82,1
29,63,1
29,77,1
29,82,1
30,63,1
30,82,1
76,82,1
30,73,1
30,99,1
41,59,1
41,73,1
41,99,1
104,41,1
59,82,1
59,99,1
73,82,1
73,99,1
82,99,1
104,82,1
104,99,1
44,48,1
0,5,1
0,11,1
0,34,1
0,38,1
0,47,1
0,54,1
0,56,1
0,58,1
0,71,1
0,83,1
0,85,1
2,5,1
11,2,1
2,38,1
2,56,1
2,71,1
11,5,1
15,5,1
18,5,1
20,5,1
21,5,1
26,5,1
28,5,1
29,5,1
30,5,1
32,5,1
34,5,1
38,5,1
39,5,1
43,5,1
44,5,1
46,5,1
5,54,1
5,56,1
5,58,1
5,66,1
5,71,1
5,76,1
5,83,1
5,85,1
5,94,1
5,97,1
102,5,1
104,5,1
11,6,1
38,6,1
56,6,1
6,71,1
10,11,1
10,38,1
10,56,1
10,71,1
11,18,1
11,20,1
11,26,1
11,28,1
11,29,1
11,30,1
11,43,1
11,44,1
11,54,1
11,56,1
11,58,1
11,66,1
11,71,1
11,76,1
11,83,1
11,85,1
11,94,1
11,95,1
102,11,1
15,38,1
15,54,1
18,20,1
18,38,1
18,47,1
18,56,1
18,71,1
18,85,1
20,38,1
20,54,1
20,71,1
20,83,1
20,85,1
21,38,1
21,47,1
21,56,1
21,71,1
26,38,1
26,71,1
28,38,1
28,54,1
28,56,1
28,71,1
28,83,1
29,38,1
29,47,1
29,54,1
29,56,1
29,71,1
29,83,1
29,85,1
30,38,1
30,54,1
30,56,1
32,57,1
34,38,1
34,66,1
34,71,1
38,39,1
38,43,1
38,44,1
38,54,1
38,56,1
38,58,1
38,66,1
38,71,1
38,76,1
38,83,1
38,85,1
38,94,1
38,95,1
38,97,1
102,38,1
39,54,1
39,56,1
39,71,1
39,83,1
43,56,1
44,47,1
44,56,1
46,85,1
47,54,1
47,58,1
47,71,1
47,76,1
47,83,1
102,47,1
54,56,1
54,57,1
54,71,1
54,85,1
54,97,1
56,58,1
56,66,1
56,71,1
56,76,1
56,83,1
56,85,1
56,92,1
56,94,1
102,56,1
57,83,1
58,71,1
58,85,1
66,71,1
66,83,1
102,66,1
104,66,1
71,85,1
71,92,1
71,94,1
71,95,1
71,97,1
102,71,1
104,71,1
76,85,1
83,85,1
83,97,1
102,85,1
11,14,1
2,48,1
26,48,1
48,52,1
104,52,1
10,33,1
11,33,1
11,36,1
29,33,1
33,36,1
21,27,1
27,52,1
19,23,1
19,31,1
19,45,1
19,50,1
19,53,1
19,63,1
19,71,1
19,80,1
19,83,1
21,23,1
21,50,1
21,53,1
21,63,1
21,80,1
23,30,1
23,31,1
23,39,1
23,44,1
23,53,1
23,63,1
23,66,1
23,71,1
23,88,1
103,23,1
30,50,1
30,53,1
30,80,1
31,44,1
31,50,1
31,53,1
31,63,1
31,66,1
31,71,1
31,77,1
31,80,1
103,31,1
32,53,1
39,45,1
39,50,1
39,53,1
39,63,1
39,80,1
45,71,1
45,88,1
103,45,1
50,71,1
50,88,1
103,50,1
53,71,1
53,77,1
53,80,1
53,83,1
53,88,1
53,92,1
103,53,1
58,88,1
103,58,1
63,71,1
63,80,1
63,83,1
66,77,1
66,80,1
66,88,1
103,66,1
71,77,1
71,80,1
71,88,1
80,88,1
103,80,1
83,88,1
103,83,1
18,59,1
18,99,1
0,50,1
3,50,1
50,9,1
16,50,1
104,16,1
28,50,1
50,98,1
104,61,1
104,98,1
30,33,1
33,99,1
21,98,1
30,98,1
3,33,1
26,33,1
3,60,1
10,60,1
15,60,1
26,60,1
32,33,1
33,43,1
33,44,1
33,60,1
33,63,1
33,76,1
33,77,1
33,88,1
103,33,1
36,60,1
36,63,1
36,77,1
16,52,1
34,63,1
34,88,1
0,14,1
14,95,1
1,46,1
1,55,1
1,61,1
1,76,1
1,78,1
1,84,1
1,92,1
1,95,1
1,98,1
19,61,1
20,61,1
20,98,1
103,20,1
21,61,1
29,61,1
30,61,1
36,61,1
36,98,1
39,61,1
39,98,1
55,61,1
55,98,1
61,97,1
78,98,1
103,78,1
97,98,1
17,98,1
0,45,1
0,82,1
3,45,1
3,82,1
16,45,1
16,82,1
26,82,1
82,92,1
82,95,1
0,48,1
0,59,1
0,70,1
0,74,1
0,81,1
2,59,1
2,70,1
10,48,1
10,59,1
10,70,1
18,48,1
18,70,1
45,48,1
45,59,1
45,70,1
48,50,1
48,58,1
48,63,1
48,71,1
48,74,1
48,81,1
48,83,1
102,48,1
50,59,1
50,70,1
58,59,1
58,70,1
59,71,1
59,74,1
59,76,1
59,81,1
59,83,1
63,70,1
63,81,1
102,63,1
104,63,1
70,71,1
70,74,1
70,76,1
70,81,1
71,74,1
71,81,1
0,23,1
23,3,1
15,23,1
14,6,1
34,82,1
14,9,1
14,19,1
14,28,1
103,14,1
31,47,1
31,94,1
41,84,1
1,48,1
36,48,1
48,88,1
48,97,1
88,97,1
15,59,1
15,73,1
50,84,1
3,47,1
13,19,1
13,29,1
13,44,1
13,61,1
13,77,1
13,88,1
47,61,1
47,77,1
47,88,1
47,98,1
55,88,1
77,97,1
0,51,1
17,63,1
17,82,1
23,82,1
13,52,1
0,13,1
13,34,1
3,5,1
5,61,1
5,77,1
0,33,1
0,53,1
0,79,1
0,80,1
1,33,1
1,50,1
1,53,1
1,66,1
1,79,1
1,80,1
1,85,1
33,6,1
53,6,1
6,79,1
10,53,1
10,79,1
15,50,1
15,53,1
15,79,1
15,80,1
19,33,1
19,79,1
19,82,1
21,79,1
26,53,1
26,79,1
28,33,1
28,53,1
28,79,1
28,80,1
29,50,1
29,53,1
29,79,1
29,80,1
30,79,1
33,39,1
33,50,1
33,53,1
33,55,1
33,66,1
33,79,1
33,80,1
33,84,1
33,85,1
33,97,1
33,98,1
36,50,1
36,53,1
36,79,1
36,80,1
36,82,1
36,85,1
39,79,1
39,82,1
50,85,1
50,97,1
53,55,1
53,82,1
53,84,1
53,85,1
53,97,1
53,98,1
55,79,1
55,82,1
66,79,1
66,82,1
66,98,1
79,80,1
79,84,1
79,85,1
79,88,1
79,92,1
79,97,1
79,98,1
103,79,1
80,84,1
80,85,1
80,97,1
80,98,1
82,84,1
82,85,1
82,88,1
82,97,1
82,98,1
103,82,1
85,88,1
85,98,1
23,7,1
23,9,1
16,23,1
23,28,1
1,18,1
1,23,1
1,59,1
1,71,1
1,89,1
19,59,1
23,29,1
23,34,1
23,36,1
23,57,1
23,59,1
23,89,1
23,97,1
29,59,1
31,59,1
31,89,1
31,97,1
34,59,1
36,59,1
71,89,1
52,98,1
2,72,1
3,72,1
10,72,1
15,72,1
1,96,1
4,96,1
9,96,1
28,96,1
55,96,1
96,98,1
45,7,1
45,9,1
45,84,1
48,94,1
2,53,1
3,53,1
18,53,1
53,94,1
53,95,1
104,53,1
1,56,1
3,56,1
17,27,1
17,56,1
17,61,1
19,56,1
27,31,1
27,61,1
31,56,1
31,61,1
31,85,1
56,61,1
103,56,1
61,85,1
77,85,1
52,99,1
17,71,1
55,71,1
71,82,1
19,5,1
36,5,1
5,84,1
5,88,1
12,39,1
34,61,1
12,29,1
6,99,1
5,52,1
11,27,1
11,99,1
27,99,1
104,31,1
2,91,1
3,91,1
6,91,1
10,91,1
84,91,1
91,94,1
11,63,1
15,41,1
23,61,1
48,8,1
104,8,1
14,47,1
14,48,1
48,92,1
3,81,1
17,59,1
59,77,1
59,94,1
15,99,1
26,99,1
85,99,1
42,77,1
42,88,1
11,3,1
100,3,1
100,6,1
11,77,1
100,21,1
100,26,1
100,39,1
100,77,1
11,52,1
48,6,1
52,8,1
39,48,1
48,55,1
103,48,1
0,73,1
0,90,1
10,73,1
10,90,1
15,90,1
26,73,1
26,90,1
29,73,1
29,90,1
30,90,1
34,73,1
36,56,1
36,73,1
36,83,1
43,73,1
43,90,1
44,73,1
46,90,1
56,89,1
56,90,1
73,76,1
73,83,1
73,94,1
73,97,1
76,90,1
83,89,1
83,90,1
90,94,1
90,97,1
0,99,1
20,99,1
34,99,1
36,99,1
88,89,1
88,99,1
89,99,1
104,84,1
38,52,1
17,89,1
6,96,1
80,9,1
83,9,1
19,96,1
43,96,1
76,96,1
80,96,1
83,96,1
102,96,1
102,103,1
10,99,1
17,66,1
17,99,1
31,99,1
66,99,1
76,99,1
77,99,1
92,99,1
63,85,1
48,9,1
0,27,1
0,72,1
0,93,1
3,54,1
3,59,1
3,73,1
3,93,1
21,59,1
21,72,1
21,73,1
21,93,1
27,43,1
27,46,1
27,54,1
27,58,1
27,59,1
27,72,1
27,73,1
27,93,1
29,72,1
29,93,1
30,93,1
31,72,1
31,73,1
31,93,1
36,54,1
36,72,1
43,72,1
43,93,1
54,59,1
54,72,1
54,73,1
54,93,1
56,93,1
58,72,1
58,73,1
58,93,1
59,85,1
72,92,1
72,93,1
93,97,1
103,54,1
31,82,1
0,68,1
6,68,1
6,72,1
17,72,1
19,68,1
19,72,1
21,68,1
34,68,1
34,72,1
36,68,1
39,68,1
39,72,1
52,68,1
52,72,1
52,89,1
68,95,1
72,95,1
27,8,1
104,4,1
12,48,1
104,12,1
7,83,1
13,18,1
13,21,1
13,46,1
13,83,1
102,13,1
17,33,1
33,34,1
33,94,1
33,95,1
21,4,1
21,99,1
53,9,1
43,99,1
1,2,1
1,77,1
18,87,1
23,87,1
30,87,1
44,87,1
50,87,1
53,87,1
102,53,1
61,83,1
61,87,1
63,87,1
66,87,1
76,87,1
77,87,1
102,87,1
31,55,1
18,79,1
18,33,1
72,82,1
72,99,1
102,72,1
30,49,1
49,71,1
49,97,1
30,65,1
44,65,1
59,61,1
59,65,1
59,66,1
65,66,1
0,4,1
0,8,1
3,4,1
26,4,1
4,44,1
4,61,1
61,8,1
19,48,1
21,48,1
34,48,1
11,82,1
19,54,1
4,52,1
4,58,1
47,52,1
41,83,1
61,71,1
7,73,1
73,9,1
48,95,1
73,95,1
19,38,1
35,52,1
12,50,1
29,99,1
102,88,1
17,37,1
26,37,1
34,37,1
97,99,1
20,79,1
27,44,1
27,66,1
27,79,1
61,79,1
15,93,1
17,47,1
17,93,1
19,99,1
26,72,1
26,93,1
32,93,1
93,99,1
33,7,1
27,55,1
27,94,1
27,95,1
53,7,1
17,90,1
45,90,1
45,97,1
13,14,1
13,48,1
14,55,1
11,31,1
41,70,1
50,99,1
35,4,1
35,9,1
13,35,1
35,98,1
81,88,1
70,97,1
70,99,1
48,99,1
68,99,1
15,48,1
72,80,1
29,41,1
62,63,1
62,76,1
52,96,1
36,81,1
61,81,1
66,81,1
103,81,1
19,81,1
30,81,1
14,26,1
30,48,1
11,50,1
26,59,1
26,70,1
54,68,1
54,70,1
102,68,1
56,7,1
32,98,1
55,56,1
56,77,1
56,84,1
56,98,1
58,98,1
102,98,1
14,33,1
14,38,1
14,46,1
14,86,1
86,94,1
100,7,1
83,99,1
34,50,1
6,64,1
2,33,1
33,8,1
77,96,1
11,42,1
11,45,1
17,42,1
17,73,1
42,45,1
42,99,1
45,47,1
45,72,1
45,73,1
45,89,1
45,99,1
90,99,1
34,80,1
61,80,1
48,66,1
2,60,1
2,68,1
3,68,1
3,80,1
29,60,1
29,68,1
30,60,1
31,60,1
31,68,1
43,68,1
53,56,1
53,68,1
53,89,1
56,80,1
60,89,1
60,94,1
60,95,1
60,97,1
104,60,1
61,68,1
61,89,1
66,68,1
68,76,1
68,80,1
68,94,1
68,97,1
77,89,1
80,89,1
20,72,1
72,83,1
2,62,1
4,46,1
4,62,1
62,8,1
55,62,1
62,94,1
62,95,1
12,30,1
78,99,1
1,14,1
12,66,1
12,54,1
23,33,1
33,54,1
33,61,1
33,71,1
33,81,1
33,83,1
102,33,1
53,54,1
53,81,1
54,88,1
2,96,1
44,96,1
61,96,1
84,96,1
94,96,1
104,78,1
1,54,1
1,63,1
1,70,1
1,73,1
15,70,1
19,70,1
19,73,1
27,32,1
27,63,1
27,70,1
27,71,1
27,82,1
56,63,1
56,70,1
56,82,1
61,70,1
61,73,1
63,73,1
63,97,1
66,70,1
66,73,1
70,82,1
71,73,1
33,41,1
2,35,1
35,46,1
104,35,1
18,73,1
44,99,1
46,99,1
48,54,1
54,99,1
102,73,1
31,7,1
10,62,1
31,48,1
31,62,1
17,48,1
37,82,1
20,73,1
18,49,1
18,62,1
23,49,1
23,62,1
30,62,1
32,49,1
32,62,1
41,49,1
41,62,1
41,95,1
44,62,1
49,50,1
49,54,1
49,62,1
49,63,1
49,80,1
49,81,1
49,83,1
49,87,1
49,95,1
102,49,1
50,62,1
53,62,1
54,62,1
58,62,1
58,87,1
62,66,1
62,77,1
62,80,1
62,81,1
62,83,1
62,87,1
102,62,1
81,87,1
87,95,1
11,88,1
52,73,1
59,88,1
71,72,1
72,88,1
73,88,1
85,89,1
37,52,1
33,73,1
68,82,1
68,88,1
32,91,1
0,96,1
3,96,1
4,50,1
4,77,1
4,88,1
50,7,1
7,96,1
50,8,1
77,8,1
8,85,1
10,96,1
26,96,1
46,96,1
50,96,1
88,96,1
48,77,1
57,82,1
82,89,1
31,84,1
3,48,1
1,11,1
1,37,1
11,78,1
15,37,1
17,78,1
19,37,1
30,37,1
32,37,1
37,71,1
37,78,1
37,85,1
37,92,1
47,78,1
47,82,1
48,78,1
48,82,1
48,85,1
48,89,1
59,78,1
71,78,1
73,78,1
78,85,1
31,9,1
41,88,1
28,45,1
31,98,1
3,37,1
3,90,1
3,99,1
21,37,1
21,90,1
37,77,1
37,90,1
72,77,1
73,77,1
77,90,1
77,93,1
14,16,1
14,44,1
14,61,1
14,77,1
14,88,1
14,98,1
44,72,1
3,71,1
14,45,1
14,99,1
45,57,1
82,90,1
1,99,1
53,59,1
1,38,1
17,38,1
36,38,1
38,63,1
38,88,1
38,99,1
47,63,1
63,99,1
15,67,1
19,67,1
30,67,1
44,67,1
46,67,1
67,71,1
67,76,1
67,97,1
23,84,1
0,49,1
0,62,1
0,78,1
0,87,1
18,78,1
23,78,1
28,49,1
28,62,1
28,74,1
28,87,1
30,74,1
36,45,1
36,49,1
36,62,1
36,74,1
36,87,1
45,62,1
49,78,1
50,78,1
53,78,1
62,71,1
62,78,1
62,82,1
63,78,1
66,78,1
71,87,1
74,78,1
74,82,1
74,87,1
77,78,1
78,87,1
31,33,1
11,80,1
47,80,1
57,80,1
59,80,1
73,80,1
12,81,1
42,53,1
3,41,1
3,62,1
3,67,1
3,79,1
3,87,1
41,6,1
6,60,1
6,62,1
6,67,1
6,87,1
10,41,1
10,67,1
10,87,1
11,23,1
11,41,1
11,51,1
11,53,1
11,60,1
11,61,1
11,62,1
11,67,1
11,79,1
11,81,1
11,84,1
11,87,1
103,11,1
15,62,1
15,81,1
15,87,1
18,67,1
21,60,1
21,62,1
21,67,1
21,81,1
21,87,1
23,56,1
23,67,1
23,79,1
28,60,1
28,67,1
28,81,1
32,67,1
36,41,1
36,67,1
41,56,1
41,67,1
41,71,1
103,41,1
50,56,1
50,67,1
51,56,1
51,62,1
51,67,1
51,71,1
51,87,1
103,51,1
53,67,1
54,67,1
54,79,1
56,62,1
56,67,1
56,78,1
56,79,1
56,81,1
56,87,1
58,67,1
58,79,1
60,71,1
60,84,1
61,67,1
62,67,1
62,79,1
62,84,1
103,62,1
63,67,1
63,79,1
66,67,1
67,77,1
67,78,1
67,79,1
67,80,1
67,81,1
67,82,1
67,84,1
67,87,1
67,92,1
102,67,1
103,67,1
104,67,1
71,79,1
71,84,1
77,79,1
78,79,1
79,81,1
102,79,1
104,79,1
81,84,1
84,87,1
87,92,1
103,87,1
104,87,1
54,9,1
82,9,1
29,48,1
42,48,1
42,71,1
42,82,1
15,4,1
16,48,1
28,48,1
38,50,1
38,55,1
12,82,1
48,84,1
31,37,1
44,93,1
15,45,1
12,31,1
1,102,1
37,88,1
58,68,1
61,93,1
68,83,1
80,93,1
83,93,1
102,93,1
33,9,1
34,70,1
36,70,1
39,59,1
39,70,1
39,99,1
42,52,1
52,56,1
58,99,1
61,99,1
39,73,1
42,68,1
68,78,1
68,85,1
72,76,1
72,78,1
78,88,1
48,61,1
81,97,1
78,83,1
11,74,1
20,23,1
20,45,1
20,48,1
20,50,1
20,59,1
20,70,1
20,74,1
20,80,1
20,82,1
23,38,1
23,48,1
23,70,1
23,73,1
38,45,1
38,74,1
38,78,1
38,80,1
38,82,1
48,80,1
50,73,1
70,78,1
70,80,1
71,99,1
73,74,1
74,99,1
80,99,1
1,93,1
27,89,1
52,93,1
34,67,1
39,67,1
42,61,1
42,67,1
42,98,1
103,42,1
45,56,1
45,67,1
45,98,1
48,56,1
48,67,1
48,98,1
56,99,1
67,98,1
67,99,1
71,98,1
84,99,1
98,99,1
103,99,1
63,89,1
58,96,1
30,4,1
36,4,1
4,43,1
4,63,1
4,76,1
4,82,1
0,60,1
100,4,1
104,91,1
21,70,1
52,70,1
54,89,1
73,91,1
89,91,1
91,92,1
91,97,1
91,99,1
17,70,1
29,70,1
42,70,1
52,90,1
70,85,1
45,93,1
54,90,1
58,90,1
70,77,1
0,37,1
0,41,1
49,79,1
74,79,1
71,96,1
28,59,1
37,76,1
3,49,1
49,59,1
59,60,1
59,79,1
59,87,1
3,65,1
3,74,1
3,83,1
59,6,1
15,65,1
15,74,1
21,65,1
21,74,1
26,41,1
26,62,1
26,67,1
26,87,1
28,65,1
36,65,1
41,48,1
48,51,1
48,53,1
48,60,1
48,65,1
48,79,1
48,87,1
51,59,1
53,65,1
59,67,1
62,65,1
65,67,1
65,71,1
65,78,1
65,79,1
65,87,1
67,74,1
67,83,1
89,98,1
27,88,1
6,73,1
26,64,1
64,92,1
64,98,1
7,82,1
10,93,1
27,48,1
103,93,1
10,49,1
10,64,1
18,64,1
23,64,1
28,64,1
30,64,1
32,64,1
45,64,1
46,64,1
49,64,1
54,64,1
58,64,1
59,64,1
62,64,1
63,64,1
64,66,1
64,74,1
64,76,1
64,77,1
64,78,1
64,79,1
64,80,1
64,82,1
64,83,1
64,87,1
102,64,1
11,49,1
19,49,1
19,60,1
20,33,1
20,49,1
20,60,1
20,68,1
20,77,1
20,81,1
20,93,1
28,68,1
28,90,1
28,93,1
33,42,1
33,49,1
34,49,1
34,81,1
42,49,1
42,54,1
42,80,1
42,81,1
47,49,1
47,81,1
48,49,1
49,57,1
49,68,1
49,85,1
49,88,1
49,89,1
49,90,1
49,92,1
49,93,1
103,49,1
57,81,1
103,59,1
68,81,1
103,68,1
76,93,1
80,90,1
81,85,1
81,89,1
81,90,1
81,93,1
88,90,1
88,93,1
103,89,1
103,90,1
45,68,1
50,68,1
50,72,1
60,99,1
81,99,1
33,56,1
60,70,1
60,73,1
70,79,1
73,79,1
73,81,1
17,60,1
17,79,1
18,68,1
18,72,1
18,90,1
34,79,1
39,60,1
39,90,1
47,50,1
47,79,1
50,57,1
50,89,1
50,90,1
57,79,1
60,72,1
66,72,1
66,90,1
68,79,1
72,79,1
79,89,1
79,90,1
102,90,1
33,70,1
70,93,1
11,86,1
38,68,1
56,86,1
68,86,1
70,86,1
86,97,1
100,33,1
100,30,1
100,99,1
38,42,1
38,90,1
100,73,1
19,86,1
34,86,1
11,55,1
14,37,1
14,36,1
14,68,1
14,72,1
14,89,1
36,86,1
55,68,1
55,72,1
55,86,1
72,94,1
15,49,1
15,86,1
63,68,1
49,72,1
49,73,1
45,85,1
95,99,1
17,49,1
82,93,1
17,84,1
59,84,1
17,86,1
32,86,1
39,86,1
42,83,1
29,45,1
64,65,1
31,41,1
31,79,1
31,81,1
49,70,1
53,70,1
70,87,1
52,64,1
64,71,1
51,70,1
65,70,1
53,99,1
79,99,1
87,99,1
81,96,1
49,65,1
61,72,1
68,71,1
49,99,1
44,91,1
83,91,1
41,90,1
71,90,1
37,95,1
90,95,1
93,95,1
64,81,1
43,91,1
61,91,1
77,91,1
71,93,1
81,91,1
68,91,1
